day,calories,protein_g,carbs_g,fat_g,notes
Mon,1425,77,154,49,Protein a bit low; add ~2–4 oz lean protein to one meal or bump protein portions.
Tue,1475,110,123,55,
Wed,1405,87,175,37,Protein a bit low; add ~2–4 oz lean protein to one meal or bump protein portions.
Thu,1270,77,114,49,Slightly increase meal portions (e.g. +2 oz protein or +100 g potato/veg with olive oil). Protein a bit low; add ~2–4 oz lean protein to one meal or bump protein portions.
Fri,1515,105,139,57,Protein a bit low; add ~2–4 oz lean protein to one meal or bump protein portions.
Sat,1275,84,147,35,Slightly increase meal portions (e.g. +2 oz protein or +100 g potato/veg with olive oil). Protein a bit low; add ~2–4 oz lean protein to one meal or bump protein portions.
Sun,1535,86,162,54,Protein a bit low; add ~2–4 oz lean protein to one meal or bump protein portions.
